tax_head,year,month,actual_revenue_m_kes,target_revenue_m_kes,reported_date
Income Tax,2010,1,61610.53,60965.33,2010-01-28
VAT,2010,1,57343.01,58072.88,2010-01-28
Excise Duty,2010,1,64744.0,59879.03,2010-01-28
Customs & Border Control,2010,1,66525.63,59027.31,2010-01-28
Other Taxes,2010,1,47900.63,58498.77,2010-01-28
Income Tax,2010,2,64942.53,62614.03,2010-02-28
VAT,2010,2,58245.39,61068.43,2010-02-28
Excise Duty,2010,2,53160.95,61454.04,2010-02-28
Customs & Border Control,2010,2,52508.78,63073.3,2010-02-28
Other Taxes,2010,2,52528.43,62499.05,2010-02-28
Income Tax,2010,3,50756.09,64522.28,2010-03-28
VAT,2010,3,62000.16,64091.23,2010-03-28
Excise Duty,2010,3,69236.2,63525.12,2010-03-28
Customs & Border Control,2010,3,63109.99,64543.88,2010-03-28
Other Taxes,2010,3,61993.87,63463.3,2010-03-28
Income Tax,2010,4,70163.33,62793.11,2010-04-28
VAT,2010,4,52137.07,62982.17,2010-04-28
Excise Duty,2010,4,53078.91,62943.64,2010-04-28
Customs & Border Control,2010,4,63418.25,61795.53,2010-04-28
Other Taxes,2010,4,69394.12,62422.84,2010-04-28
Income Tax,2010,5,60247.44,61328.3,2010-05-28
VAT,2010,5,57817.41,59432.21,2010-05-28
Excise Duty,2010,5,57278.5,58563.97,2010-05-28
Customs & Border Control,2010,5,52510.24,57910.54,2010-05-28
Other Taxes,2010,5,51614.56,60557.11,2010-05-28
Income Tax,2010,6,61203.59,57024.32,2010-06-28
VAT,2010,6,61247.88,55560.81,2010-06-28
Excise Duty,2010,6,50822.11,57670.48,2010-06-28
Customs & Border Control,2010,6,48832.13,57835.35,2010-06-28
Other Taxes,2010,6,46720.17,55366.55,2010-06-28
Income Tax,2010,7,54867.48,52373.75,2010-07-28
VAT,2010,7,48566.18,52843.7,2010-07-28
Excise Duty,2010,7,42633.38,53308.68,2010-07-28
Customs & Border Control,2010,7,51865.46,53287.89,2010-07-28
Other Taxes,2010,7,53882.03,54410.14,2010-07-28
Income Tax,2010,8,49225.21,51512.66,2010-08-28
VAT,2010,8,60462.97,53099.03,2010-08-28
Excise Duty,2010,8,57257.67,53174.35,2010-08-28
Customs & Border Control,2010,8,56397.95,50760.09,2010-08-28
Other Taxes,2010,8,40374.13,51922.07,2010-08-28
Income Tax,2010,9,49383.55,51044.94,2010-09-28
VAT,2010,9,57485.27,51588.91,2010-09-28
Excise Duty,2010,9,40967.77,51210.52,2010-09-28
Customs & Border Control,2010,9,43966.44,52340.75,2010-09-28
Other Taxes,2010,9,47817.49,50654.49,2010-09-28
Income Tax,2010,10,54988.99,52014.99,2010-10-28
VAT,2010,10,40206.31,51480.77,2010-10-28
Excise Duty,2010,10,49336.52,50825.75,2010-10-28
Customs & Border Control,2010,10,56297.74,50630.81,2010-10-28
Other Taxes,2010,10,60394.24,53091.99,2010-10-28
Income Tax,2010,11,56468.77,52430.66,2010-11-28
VAT,2010,11,42073.36,53461.34,2010-11-28
Excise Duty,2010,11,42847.15,55085.19,2010-11-28
Customs & Border Control,2010,11,61770.82,55068.4,2010-11-28
Other Taxes,2010,11,57853.37,53215.51,2010-11-28
Income Tax,2010,12,51133.38,55584.6,2010-12-28
VAT,2010,12,49137.44,57412.03,2010-12-28
Excise Duty,2010,12,43093.55,55501.61,2010-12-28
Customs & Border Control,2010,12,54864.69,56920.84,2010-12-28
Other Taxes,2010,12,63534.56,57618.06,2010-12-28
Income Tax,2011,1,70816.44,70493.18,2011-01-28
VAT,2011,1,73592.6,72992.03,2011-01-28
Excise Duty,2011,1,73421.58,69538.13,2011-01-28
Customs & Border Control,2011,1,64969.44,69858.9,2011-01-28
Other Taxes,2011,1,74074.54,70668.35,2011-01-28
Income Tax,2011,2,57973.45,72779.56,2011-02-28
VAT,2011,2,63680.48,74763.76,2011-02-28
Excise Duty,2011,2,75844.37,71953.49,2011-02-28
Customs & Border Control,2011,2,82402.58,74067.83,2011-02-28
Other Taxes,2011,2,71173.21,75092.22,2011-02-28
Income Tax,2011,3,75182.75,77533.42,2011-03-28
VAT,2011,3,72175.05,72814.09,2011-03-28
Excise Duty,2011,3,72559.03,74528.74,2011-03-28
Customs & Border Control,2011,3,79927.94,76982.36,2011-03-28
Other Taxes,2011,3,64904.12,74441.38,2011-03-28
Income Tax,2011,4,67384.8,74161.44,2011-04-28
VAT,2011,4,86656.95,76497.17,2011-04-28
Excise Duty,2011,4,82398.37,73211.43,2011-04-28
Customs & Border Control,2011,4,69548.06,75373.25,2011-04-28
Other Taxes,2011,4,80658.6,75662.33,2011-04-28
Income Tax,2011,5,61196.24,71536.08,2011-05-28
VAT,2011,5,66462.96,69803.75,2011-05-28
Excise Duty,2011,5,75047.5,72815.36,2011-05-28
Customs & Border Control,2011,5,68464.0,71157.55,2011-05-28
Other Taxes,2011,5,60466.68,70072.14,2011-05-28
Income Tax,2011,6,73588.96,66337.62,2011-06-28
VAT,2011,6,59737.96,67956.24,2011-06-28
Excise Duty,2011,6,74397.52,70235.76,2011-06-28
Customs & Border Control,2011,6,78242.94,70283.56,2011-06-28
Other Taxes,2011,6,69735.23,69450.07,2011-06-28
Income Tax,2011,7,67504.79,65277.02,2011-07-28
VAT,2011,7,75277.83,66961.96,2011-07-28
Excise Duty,2011,7,50847.13,65575.1,2011-07-28
Customs & Border Control,2011,7,55809.92,64937.83,2011-07-28
Other Taxes,2011,7,62271.38,62927.74,2011-07-28
Income Tax,2011,8,62190.87,63266.88,2011-08-28
VAT,2011,8,58713.74,61097.23,2011-08-28
Excise Duty,2011,8,60159.69,63461.47,2011-08-28
Customs & Border Control,2011,8,54053.9,61081.76,2011-08-28
Other Taxes,2011,8,54467.49,61045.61,2011-08-28
Income Tax,2011,9,52362.25,60110.26,2011-09-28
VAT,2011,9,46600.6,60108.31,2011-09-28
Excise Duty,2011,9,69729.87,61416.9,2011-09-28
Customs & Border Control,2011,9,68274.37,61015.68,2011-09-28
Other Taxes,2011,9,48911.14,61324.86,2011-09-28
Income Tax,2011,10,48586.58,60904.28,2011-10-28
VAT,2011,10,71003.7,63990.99,2011-10-28
Excise Duty,2011,10,59975.98,61611.77,2011-10-28
Customs & Border Control,2011,10,68241.1,64063.18,2011-10-28
Other Taxes,2011,10,54626.97,62874.95,2011-10-28
Income Tax,2011,11,62727.52,63248.65,2011-11-28
VAT,2011,11,52781.6,63215.75,2011-11-28
Excise Duty,2011,11,66565.98,64081.43,2011-11-28
Customs & Border Control,2011,11,61776.39,66170.42,2011-11-28
Other Taxes,2011,11,56450.47,65517.4,2011-11-28
Income Tax,2011,12,57527.48,66519.82,2011-12-28
VAT,2011,12,58551.76,68574.11,2011-12-28
Excise Duty,2011,12,65054.94,66502.72,2011-12-28
Customs & Border Control,2011,12,62931.95,66758.87,2011-12-28
Other Taxes,2011,12,53322.23,66636.75,2011-12-28
Income Tax,2012,1,88175.75,84921.83,2012-01-28
VAT,2012,1,88500.09,85234.34,2012-01-28
Excise Duty,2012,1,80649.09,85076.81,2012-01-28
Customs & Border Control,2012,1,72341.73,85936.17,2012-01-28
Other Taxes,2012,1,77133.84,81693.45,2012-01-28
Income Tax,2012,2,92410.6,88059.84,2012-02-28
VAT,2012,2,98654.01,89106.46,2012-02-28
Excise Duty,2012,2,97571.75,88848.39,2012-02-28
Customs & Border Control,2012,2,93200.54,83962.76,2012-02-28
Other Taxes,2012,2,71286.12,88903.03,2012-02-28
Income Tax,2012,3,98228.75,90262.16,2012-03-28
VAT,2012,3,72569.37,90500.56,2012-03-28
Excise Duty,2012,3,87798.48,86901.55,2012-03-28
Customs & Border Control,2012,3,77099.88,87832.18,2012-03-28
Other Taxes,2012,3,72745.3,89313.58,2012-03-28
Income Tax,2012,4,89807.39,84152.45,2012-04-28
VAT,2012,4,74156.75,84543.24,2012-04-28
Excise Duty,2012,4,93670.81,85154.3,2012-04-28
Customs & Border Control,2012,4,93857.61,86568.24,2012-04-28
Other Taxes,2012,4,78313.7,86892.68,2012-04-28
Income Tax,2012,5,93315.65,84548.54,2012-05-28
VAT,2012,5,85383.91,81218.61,2012-05-28
Excise Duty,2012,5,94720.78,83757.76,2012-05-28
Customs & Border Control,2012,5,76444.32,85624.38,2012-05-28
Other Taxes,2012,5,66684.05,85989.73,2012-05-28
Income Tax,2012,6,63217.49,81730.94,2012-06-28
VAT,2012,6,67880.64,80941.07,2012-06-28
Excise Duty,2012,6,67546.35,81670.29,2012-06-28
Customs & Border Control,2012,6,81977.93,82140.35,2012-06-28
Other Taxes,2012,6,63848.1,79795.59,2012-06-28
Income Tax,2012,7,69764.23,76569.8,2012-07-28
VAT,2012,7,71666.72,73697.41,2012-07-28
Excise Duty,2012,7,70370.31,77362.38,2012-07-28
Customs & Border Control,2012,7,63851.89,73643.35,2012-07-28
Other Taxes,2012,7,75771.15,75528.24,2012-07-28
Income Tax,2012,8,70549.09,73720.06,2012-08-28
VAT,2012,8,65439.72,74328.43,2012-08-28
Excise Duty,2012,8,66976.83,73219.89,2012-08-28
Customs & Border Control,2012,8,63219.27,74302.07,2012-08-28
Other Taxes,2012,8,67869.88,70583.3,2012-08-28
Income Tax,2012,9,73498.77,73626.07,2012-09-28
VAT,2012,9,74511.18,72699.81,2012-09-28
Excise Duty,2012,9,65687.79,72379.3,2012-09-28
Customs & Border Control,2012,9,63865.18,71495.97,2012-09-28
Other Taxes,2012,9,73874.77,69863.2,2012-09-28
Income Tax,2012,10,64666.5,74150.58,2012-10-28
VAT,2012,10,59817.33,74306.07,2012-10-28
Excise Duty,2012,10,82610.16,72908.28,2012-10-28
Customs & Border Control,2012,10,69716.29,74286.21,2012-10-28
Other Taxes,2012,10,62766.07,73481.44,2012-10-28
Income Tax,2012,11,82539.16,76695.69,2012-11-28
VAT,2012,11,75840.01,75251.56,2012-11-28
Excise Duty,2012,11,81395.86,76035.56,2012-11-28
Customs & Border Control,2012,11,63498.63,75516.55,2012-11-28
Other Taxes,2012,11,68379.29,75395.02,2012-11-28
Income Tax,2012,12,86840.26,82248.05,2012-12-28
VAT,2012,12,62855.26,80621.12,2012-12-28
Excise Duty,2012,12,77377.38,81733.75,2012-12-28
Customs & Border Control,2012,12,68509.79,82245.76,2012-12-28
Other Taxes,2012,12,89345.97,79881.31,2012-12-28
Income Tax,2013,1,109031.21,97113.56,2013-01-28
VAT,2013,1,106027.85,96374.84,2013-01-28
Excise Duty,2013,1,104117.99,92737.46,2013-01-28
Customs & Border Control,2013,1,94801.09,98068.56,2013-01-28
Other Taxes,2013,1,86982.79,98738.35,2013-01-28
Income Tax,2013,2,93681.51,100675.35,2013-02-28
VAT,2013,2,87992.14,100451.79,2013-02-28
Excise Duty,2013,2,88930.27,95929.23,2013-02-28
Customs & Border Control,2013,2,88294.6,98772.97,2013-02-28
Other Taxes,2013,2,100598.27,96256.32,2013-02-28
Income Tax,2013,3,106014.0,97569.97,2013-03-28
VAT,2013,3,95647.49,103235.13,2013-03-28
Excise Duty,2013,3,111032.74,97825.41,2013-03-28
Customs & Border Control,2013,3,106393.86,97183.17,2013-03-28
Other Taxes,2013,3,102091.74,98531.84,2013-03-28
Income Tax,2013,4,75525.89,96132.6,2013-04-28
VAT,2013,4,77254.45,99520.2,2013-04-28
Excise Duty,2013,4,96440.84,97480.45,2013-04-28
Customs & Border Control,2013,4,82118.61,99012.67,2013-04-28
Other Taxes,2013,4,100215.81,102170.67,2013-04-28
Income Tax,2013,5,97510.98,94055.67,2013-05-28
VAT,2013,5,87491.51,98111.97,2013-05-28
Excise Duty,2013,5,79046.4,96695.2,2013-05-28
Customs & Border Control,2013,5,105047.23,94811.76,2013-05-28
Other Taxes,2013,5,100586.39,93182.45,2013-05-28
Income Tax,2013,6,87648.56,90779.94,2013-06-28
VAT,2013,6,74389.33,89524.25,2013-06-28
Excise Duty,2013,6,102094.42,90293.16,2013-06-28
Customs & Border Control,2013,6,93010.35,90044.25,2013-06-28
Other Taxes,2013,6,87931.63,89557.59,2013-06-28
Income Tax,2013,7,76187.75,88774.03,2013-07-28
VAT,2013,7,78548.29,87743.83,2013-07-28
Excise Duty,2013,7,93669.62,86786.62,2013-07-28
Customs & Border Control,2013,7,73871.91,86114.59,2013-07-28
Other Taxes,2013,7,71693.42,84551.62,2013-07-28
Income Tax,2013,8,87156.01,84441.95,2013-08-28
VAT,2013,8,65563.91,81542.58,2013-08-28
Excise Duty,2013,8,86625.39,85018.77,2013-08-28
Customs & Border Control,2013,8,67433.42,84631.15,2013-08-28
Other Taxes,2013,8,68288.82,83761.96,2013-08-28
Income Tax,2013,9,62926.97,82128.53,2013-09-28
VAT,2013,9,79655.38,83858.46,2013-09-28
Excise Duty,2013,9,80557.09,79922.66,2013-09-28
Customs & Border Control,2013,9,72966.67,84478.06,2013-09-28
Other Taxes,2013,9,61489.52,79569.92,2013-09-28
Income Tax,2013,10,72450.31,84529.36,2013-10-28
VAT,2013,10,66360.29,84814.32,2013-10-28
Excise Duty,2013,10,66251.93,82876.85,2013-10-28
Customs & Border Control,2013,10,91893.11,85301.1,2013-10-28
Other Taxes,2013,10,65985.8,81714.39,2013-10-28
Income Tax,2013,11,67005.74,84555.15,2013-11-28
VAT,2013,11,70817.11,85408.15,2013-11-28
Excise Duty,2013,11,80705.55,84015.74,2013-11-28
Customs & Border Control,2013,11,94972.45,85670.42,2013-11-28
Other Taxes,2013,11,69241.65,86240.68,2013-11-28
Income Tax,2013,12,84776.64,93077.89,2013-12-28
VAT,2013,12,83291.36,88358.9,2013-12-28
Excise Duty,2013,12,89835.0,91932.41,2013-12-28
Customs & Border Control,2013,12,80646.39,90281.58,2013-12-28
Other Taxes,2013,12,88681.37,92159.06,2013-12-28
Income Tax,2014,1,104300.65,108398.16,2014-01-28
VAT,2014,1,113507.94,108912.65,2014-01-28
Excise Duty,2014,1,102218.34,104389.85,2014-01-28
Customs & Border Control,2014,1,118362.84,107968.5,2014-01-28
Other Taxes,2014,1,92034.36,108444.46,2014-01-28
Income Tax,2014,2,99741.17,110466.45,2014-02-28
VAT,2014,2,117469.74,110154.3,2014-02-28
Excise Duty,2014,2,95166.75,113420.54,2014-02-28
Customs & Border Control,2014,2,87744.56,110590.08,2014-02-28
Other Taxes,2014,2,87592.84,110831.24,2014-02-28
Income Tax,2014,3,116149.03,114096.8,2014-03-28
VAT,2014,3,122142.8,112284.14,2014-03-28
Excise Duty,2014,3,123449.91,115974.65,2014-03-28
Customs & Border Control,2014,3,118397.79,113691.23,2014-03-28
Other Taxes,2014,3,94197.7,115631.98,2014-03-28
Income Tax,2014,4,126112.98,111425.43,2014-04-28
VAT,2014,4,122797.21,109270.59,2014-04-28
Excise Duty,2014,4,101023.77,109457.25,2014-04-28
Customs & Border Control,2014,4,97333.59,109549.3,2014-04-28
Other Taxes,2014,4,115268.72,112249.51,2014-04-28
Income Tax,2014,5,105803.19,107264.1,2014-05-28
VAT,2014,5,88916.33,105757.87,2014-05-28
Excise Duty,2014,5,101917.08,107737.38,2014-05-28
Customs & Border Control,2014,5,80838.06,104939.08,2014-05-28
Other Taxes,2014,5,80390.33,105145.56,2014-05-28
Income Tax,2014,6,98017.95,100984.17,2014-06-28
VAT,2014,6,84540.89,104208.76,2014-06-28
Excise Duty,2014,6,104042.3,105263.23,2014-06-28
Customs & Border Control,2014,6,110508.95,103933.74,2014-06-28
Other Taxes,2014,6,104308.86,101719.7,2014-06-28
Income Tax,2014,7,99505.11,97648.8,2014-07-28
VAT,2014,7,88091.15,99919.59,2014-07-28
Excise Duty,2014,7,104878.93,96550.42,2014-07-28
Customs & Border Control,2014,7,104359.32,94692.59,2014-07-28
Other Taxes,2014,7,82331.32,95226.05,2014-07-28
Income Tax,2014,8,75884.04,93624.79,2014-08-28
VAT,2014,8,93567.16,96453.59,2014-08-28
Excise Duty,2014,8,85229.8,90656.97,2014-08-28
Customs & Border Control,2014,8,97287.66,93109.1,2014-08-28
Other Taxes,2014,8,103344.67,96071.62,2014-08-28
Income Tax,2014,9,100387.22,89468.84,2014-09-28
VAT,2014,9,91309.39,89828.01,2014-09-28
Excise Duty,2014,9,89397.97,90183.33,2014-09-28
Customs & Border Control,2014,9,71651.45,90442.44,2014-09-28
Other Taxes,2014,9,106565.56,94979.28,2014-09-28
Income Tax,2014,10,87088.93,96585.73,2014-10-28
VAT,2014,10,76177.65,91099.85,2014-10-28
Excise Duty,2014,10,100661.63,94815.14,2014-10-28
Customs & Border Control,2014,10,87011.76,91921.17,2014-10-28
Other Taxes,2014,10,75271.77,92048.65,2014-10-28
Income Tax,2014,11,78294.03,98943.53,2014-11-28
VAT,2014,11,99182.78,98924.59,2014-11-28
Excise Duty,2014,11,101668.53,94843.99,2014-11-28
Customs & Border Control,2014,11,81747.05,96403.34,2014-11-28
Other Taxes,2014,11,81628.83,100262.56,2014-11-28
Income Tax,2014,12,96294.01,105515.57,2014-12-28
VAT,2014,12,104347.38,103988.01,2014-12-28
Excise Duty,2014,12,88903.59,100648.9,2014-12-28
Customs & Border Control,2014,12,114761.61,105647.47,2014-12-28
Other Taxes,2014,12,111407.85,105713.14,2014-12-28
Income Tax,2015,1,92088.28,115786.99,2015-01-28
VAT,2015,1,90603.1,117642.54,2015-01-28
Excise Duty,2015,1,113127.4,118687.83,2015-01-28
Customs & Border Control,2015,1,99688.01,116248.59,2015-01-28
Other Taxes,2015,1,106361.25,118451.94,2015-01-28
Income Tax,2015,2,137594.05,121730.6,2015-02-28
VAT,2015,2,132488.61,121696.64,2015-02-28
Excise Duty,2015,2,121147.65,124267.87,2015-02-28
Customs & Border Control,2015,2,123057.76,125589.14,2015-02-28
Other Taxes,2015,2,113879.2,125093.55,2015-02-28
Income Tax,2015,3,124817.54,121775.11,2015-03-28
VAT,2015,3,111159.63,122264.3,2015-03-28
Excise Duty,2015,3,126312.98,129063.13,2015-03-28
Customs & Border Control,2015,3,129750.56,127787.63,2015-03-28
Other Taxes,2015,3,97957.14,122027.21,2015-03-28
Income Tax,2015,4,133959.81,127566.28,2015-04-28
VAT,2015,4,118895.26,123406.06,2015-04-28
Excise Duty,2015,4,99992.44,119920.6,2015-04-28
Customs & Border Control,2015,4,133216.49,127686.86,2015-04-28
Other Taxes,2015,4,112983.34,127778.98,2015-04-28
Income Tax,2015,5,123131.71,122176.77,2015-05-28
VAT,2015,5,129141.3,116921.03,2015-05-28
Excise Duty,2015,5,95733.43,119750.85,2015-05-28
Customs & Border Control,2015,5,106241.83,117593.52,2015-05-28
Other Taxes,2015,5,110446.87,119214.07,2015-05-28
Income Tax,2015,6,112346.89,114140.86,2015-06-28
VAT,2015,6,108518.24,115076.46,2015-06-28
Excise Duty,2015,6,102428.31,114906.44,2015-06-28
Customs & Border Control,2015,6,115214.7,111131.26,2015-06-28
Other Taxes,2015,6,117579.87,113368.32,2015-06-28
Income Tax,2015,7,101164.22,109439.19,2015-07-28
VAT,2015,7,85913.81,105515.66,2015-07-28
Excise Duty,2015,7,109665.51,107508.29,2015-07-28
Customs & Border Control,2015,7,123797.23,111148.79,2015-07-28
Other Taxes,2015,7,110051.71,107795.99,2015-07-28
Income Tax,2015,8,83477.67,106683.05,2015-08-28
VAT,2015,8,81924.81,107065.32,2015-08-28
Excise Duty,2015,8,106597.57,102749.41,2015-08-28
Customs & Border Control,2015,8,113657.07,106335.81,2015-08-28
Other Taxes,2015,8,85161.53,102790.03,2015-08-28
Income Tax,2015,9,82229.23,101477.1,2015-09-28
VAT,2015,9,90399.96,105773.45,2015-09-28
Excise Duty,2015,9,94588.0,100340.53,2015-09-28
Customs & Border Control,2015,9,82852.15,102239.44,2015-09-28
Other Taxes,2015,9,110125.32,100279.93,2015-09-28
Income Tax,2015,10,104011.93,103854.21,2015-10-28
VAT,2015,10,108371.07,107286.81,2015-10-28
Excise Duty,2015,10,112953.11,105940.89,2015-10-28
Customs & Border Control,2015,10,95270.02,100795.31,2015-10-28
Other Taxes,2015,10,104746.85,103619.68,2015-10-28
Income Tax,2015,11,109101.89,107640.37,2015-11-28
VAT,2015,11,111417.4,107250.24,2015-11-28
Excise Duty,2015,11,106182.09,110509.29,2015-11-28
Customs & Border Control,2015,11,86909.01,108552.91,2015-11-28
Other Taxes,2015,11,122496.78,107433.22,2015-11-28
Income Tax,2015,12,116181.74,112899.47,2015-12-28
VAT,2015,12,117814.31,116958.04,2015-12-28
Excise Duty,2015,12,110892.68,110702.63,2015-12-28
Customs & Border Control,2015,12,89675.27,112372.63,2015-12-28
Other Taxes,2015,12,88767.89,114106.9,2015-12-28
Income Tax,2016,1,129424.35,127698.35,2016-01-28
VAT,2016,1,122259.52,132560.35,2016-01-28
Excise Duty,2016,1,136412.61,133654.45,2016-01-28
Customs & Border Control,2016,1,117764.24,127549.29,2016-01-28
Other Taxes,2016,1,103999.89,132399.58,2016-01-28
Income Tax,2016,2,133168.56,139279.4,2016-02-28
VAT,2016,2,130004.09,136196.29,2016-02-28
Excise Duty,2016,2,141602.4,131927.69,2016-02-28
Customs & Border Control,2016,2,118427.76,138613.64,2016-02-28
Other Taxes,2016,2,158093.9,138862.11,2016-02-28
Income Tax,2016,3,144666.2,138855.89,2016-03-28
VAT,2016,3,108640.95,133850.62,2016-03-28
Excise Duty,2016,3,112187.16,137910.91,2016-03-28
Customs & Border Control,2016,3,135924.15,136404.73,2016-03-28
Other Taxes,2016,3,121859.08,136192.69,2016-03-28
Income Tax,2016,4,113975.81,138777.74,2016-04-28
VAT,2016,4,137732.98,137951.66,2016-04-28
Excise Duty,2016,4,117603.42,140130.9,2016-04-28
Customs & Border Control,2016,4,146192.51,134136.64,2016-04-28
Other Taxes,2016,4,135406.57,132887.72,2016-04-28
Income Tax,2016,5,125062.91,127500.31,2016-05-28
VAT,2016,5,122029.86,132487.72,2016-05-28
Excise Duty,2016,5,131915.73,127349.18,2016-05-28
Customs & Border Control,2016,5,120476.95,129467.49,2016-05-28
Other Taxes,2016,5,100719.07,129860.51,2016-05-28
Income Tax,2016,6,115866.31,125530.99,2016-06-28
VAT,2016,6,118661.02,128440.97,2016-06-28
Excise Duty,2016,6,133032.83,127242.26,2016-06-28
Customs & Border Control,2016,6,109390.04,124241.28,2016-06-28
Other Taxes,2016,6,119567.68,122833.88,2016-06-28
Income Tax,2016,7,94483.11,119519.73,2016-07-28
VAT,2016,7,106680.51,118223.96,2016-07-28
Excise Duty,2016,7,94406.07,117369.42,2016-07-28
Customs & Border Control,2016,7,107897.95,117229.57,2016-07-28
Other Taxes,2016,7,110693.99,122459.67,2016-07-28
Income Tax,2016,8,119257.78,111493.18,2016-08-28
VAT,2016,8,123140.43,114743.34,2016-08-28
Excise Duty,2016,8,127042.09,113815.99,2016-08-28
Customs & Border Control,2016,8,93595.04,113180.24,2016-08-28
Other Taxes,2016,8,106346.55,111246.65,2016-08-28
Income Tax,2016,9,102056.46,112010.73,2016-09-28
VAT,2016,9,112281.22,109505.82,2016-09-28
Excise Duty,2016,9,97413.21,112355.41,2016-09-28
Customs & Border Control,2016,9,108756.69,112035.0,2016-09-28
Other Taxes,2016,9,115500.07,116285.18,2016-09-28
Income Tax,2016,10,93490.73,113743.83,2016-10-28
VAT,2016,10,94036.46,111130.95,2016-10-28
Excise Duty,2016,10,128596.67,113762.02,2016-10-28
Customs & Border Control,2016,10,120228.43,114865.07,2016-10-28
Other Taxes,2016,10,114350.33,114225.17,2016-10-28
Income Tax,2016,11,104023.07,117525.29,2016-11-28
VAT,2016,11,95127.45,119446.81,2016-11-28
Excise Duty,2016,11,129365.64,115756.82,2016-11-28
Customs & Border Control,2016,11,112766.67,117465.65,2016-11-28
Other Taxes,2016,11,113828.34,118130.5,2016-11-28
Income Tax,2016,12,126229.84,128897.8,2016-12-28
VAT,2016,12,115179.9,124955.18,2016-12-28
Excise Duty,2016,12,106622.83,124791.86,2016-12-28
Customs & Border Control,2016,12,127283.38,125240.65,2016-12-28
Other Taxes,2016,12,111032.99,127478.92,2016-12-28
Income Tax,2017,1,145196.05,144666.19,2017-01-28
VAT,2017,1,161999.61,142139.87,2017-01-28
Excise Duty,2017,1,159815.89,142621.16,2017-01-28
Customs & Border Control,2017,1,106948.75,140251.83,2017-01-28
Other Taxes,2017,1,109900.92,140381.71,2017-01-28
Income Tax,2017,2,150479.4,150856.3,2017-02-28
VAT,2017,2,169366.31,152168.91,2017-02-28
Excise Duty,2017,2,161809.47,153019.82,2017-02-28
Customs & Border Control,2017,2,122539.85,146298.3,2017-02-28
Other Taxes,2017,2,126671.71,143762.78,2017-02-28
Income Tax,2017,3,118928.11,152204.13,2017-03-28
VAT,2017,3,118486.36,154131.66,2017-03-28
Excise Duty,2017,3,175324.07,153639.44,2017-03-28
Customs & Border Control,2017,3,170090.42,149411.94,2017-03-28
Other Taxes,2017,3,125329.81,150447.09,2017-03-28
Income Tax,2017,4,151411.47,146090.43,2017-04-28
VAT,2017,4,151302.31,151338.49,2017-04-28
Excise Duty,2017,4,154238.35,151874.02,2017-04-28
Customs & Border Control,2017,4,145158.44,152188.74,2017-04-28
Other Taxes,2017,4,150145.19,152410.3,2017-04-28
Income Tax,2017,5,133967.04,145483.82,2017-05-28
VAT,2017,5,117101.94,140124.22,2017-05-28
Excise Duty,2017,5,163862.14,146931.5,2017-05-28
Customs & Border Control,2017,5,155333.31,144138.82,2017-05-28
Other Taxes,2017,5,155141.75,145371.17,2017-05-28
Income Tax,2017,6,128194.46,138160.02,2017-06-28
VAT,2017,6,150571.6,134976.2,2017-06-28
Excise Duty,2017,6,107254.05,137525.78,2017-06-28
Customs & Border Control,2017,6,105547.65,137115.32,2017-06-28
Other Taxes,2017,6,107418.76,136872.0,2017-06-28
Income Tax,2017,7,113086.42,131246.02,2017-07-28
VAT,2017,7,120651.97,126480.04,2017-07-28
Excise Duty,2017,7,140359.65,130229.49,2017-07-28
Customs & Border Control,2017,7,105782.37,131707.12,2017-07-28
Other Taxes,2017,7,134858.05,127617.84,2017-07-28
Income Tax,2017,8,115713.14,128165.3,2017-08-28
VAT,2017,8,142496.52,127839.72,2017-08-28
Excise Duty,2017,8,119508.8,122442.61,2017-08-28
Customs & Border Control,2017,8,123239.63,126855.69,2017-08-28
Other Taxes,2017,8,115331.18,122680.28,2017-08-28
Income Tax,2017,9,143393.13,125944.44,2017-09-28
VAT,2017,9,144519.34,126617.45,2017-09-28
Excise Duty,2017,9,135768.79,119729.1,2017-09-28
Customs & Border Control,2017,9,122685.62,121651.58,2017-09-28
Other Taxes,2017,9,109786.08,122174.33,2017-09-28
Income Tax,2017,10,111830.33,128819.12,2017-10-28
VAT,2017,10,133783.86,121935.94,2017-10-28
Excise Duty,2017,10,129245.96,126466.46,2017-10-28
Customs & Border Control,2017,10,110011.96,125156.0,2017-10-28
Other Taxes,2017,10,135058.06,123005.79,2017-10-28
Income Tax,2017,11,103346.64,132915.15,2017-11-28
VAT,2017,11,108962.29,129333.05,2017-11-28
Excise Duty,2017,11,106456.24,132302.37,2017-11-28
Customs & Border Control,2017,11,127856.05,130289.77,2017-11-28
Other Taxes,2017,11,143353.55,133158.65,2017-11-28
Income Tax,2017,12,156014.96,139000.79,2017-12-28
VAT,2017,12,148668.56,135651.88,2017-12-28
Excise Duty,2017,12,110741.81,133229.84,2017-12-28
Customs & Border Control,2017,12,151991.87,136421.7,2017-12-28
Other Taxes,2017,12,133320.36,132307.34,2017-12-28
Income Tax,2018,1,155653.88,158326.49,2018-01-28
VAT,2018,1,141608.62,153673.88,2018-01-28
Excise Duty,2018,1,123186.47,155983.34,2018-01-28
Customs & Border Control,2018,1,124207.36,155292.21,2018-01-28
Other Taxes,2018,1,167980.46,158187.87,2018-01-28
Income Tax,2018,2,158353.05,160692.46,2018-02-28
VAT,2018,2,134303.91,165335.6,2018-02-28
Excise Duty,2018,2,139379.84,159988.08,2018-02-28
Customs & Border Control,2018,2,157048.16,163276.94,2018-02-28
Other Taxes,2018,2,171823.94,156541.79,2018-02-28
Income Tax,2018,3,162140.99,162293.82,2018-03-28
VAT,2018,3,168900.83,167213.23,2018-03-28
Excise Duty,2018,3,174217.23,162074.63,2018-03-28
Customs & Border Control,2018,3,158994.86,161558.78,2018-03-28
Other Taxes,2018,3,124105.49,161141.85,2018-03-28
Income Tax,2018,4,157423.7,158434.9,2018-04-28
VAT,2018,4,166712.79,164794.78,2018-04-28
Excise Duty,2018,4,176302.69,163555.32,2018-04-28
Customs & Border Control,2018,4,139236.45,161872.09,2018-04-28
Other Taxes,2018,4,160097.97,156596.41,2018-04-28
Income Tax,2018,5,121589.98,155933.52,2018-05-28
VAT,2018,5,146066.59,156334.31,2018-05-28
Excise Duty,2018,5,170798.64,160309.82,2018-05-28
Customs & Border Control,2018,5,119133.2,152682.25,2018-05-28
Other Taxes,2018,5,141746.17,154207.09,2018-05-28
Income Tax,2018,6,136757.86,146839.4,2018-06-28
VAT,2018,6,123467.03,144613.66,2018-06-28
Excise Duty,2018,6,132529.75,147407.77,2018-06-28
Customs & Border Control,2018,6,150010.26,147657.5,2018-06-28
Other Taxes,2018,6,164261.12,150315.11,2018-06-28
Income Tax,2018,7,127123.72,139954.25,2018-07-28
VAT,2018,7,141752.63,136328.95,2018-07-28
Excise Duty,2018,7,149722.16,137430.76,2018-07-28
Customs & Border Control,2018,7,115223.4,137455.03,2018-07-28
Other Taxes,2018,7,115133.25,142329.82,2018-07-28
Income Tax,2018,8,107077.05,138879.12,2018-08-28
VAT,2018,8,144967.92,139421.81,2018-08-28
Excise Duty,2018,8,101803.35,132204.06,2018-08-28
Customs & Border Control,2018,8,107158.54,136550.07,2018-08-28
Other Taxes,2018,8,114549.65,136941.9,2018-08-28
Income Tax,2018,9,150378.31,136131.35,2018-09-28
VAT,2018,9,107023.12,130089.78,2018-09-28
Excise Duty,2018,9,128934.87,129833.11,2018-09-28
Customs & Border Control,2018,9,111656.06,131547.2,2018-09-28
Other Taxes,2018,9,120755.87,133301.25,2018-09-28
Income Tax,2018,10,149264.72,132330.09,2018-10-28
VAT,2018,10,109215.92,132339.69,2018-10-28
Excise Duty,2018,10,154077.15,139613.93,2018-10-28
Customs & Border Control,2018,10,129852.98,135448.25,2018-10-28
Other Taxes,2018,10,129078.84,134014.51,2018-10-28
Income Tax,2018,11,118865.82,143022.47,2018-11-28
VAT,2018,11,130708.08,140998.51,2018-11-28
Excise Duty,2018,11,124328.66,136887.28,2018-11-28
Customs & Border Control,2018,11,139283.66,138988.87,2018-11-28
Other Taxes,2018,11,122591.25,144859.77,2018-11-28
Income Tax,2018,12,125448.13,152605.55,2018-12-28
VAT,2018,12,155096.92,147858.56,2018-12-28
Excise Duty,2018,12,149469.43,149228.8,2018-12-28
Customs & Border Control,2018,12,155643.68,148780.09,2018-12-28
Other Taxes,2018,12,154286.98,143563.05,2018-12-28
Income Tax,2019,1,128913.13,166545.43,2019-01-28
VAT,2019,1,183213.18,168088.21,2019-01-28
Excise Duty,2019,1,166283.19,172217.12,2019-01-28
Customs & Border Control,2019,1,155696.37,166346.4,2019-01-28
Other Taxes,2019,1,191363.69,172403.99,2019-01-28
Income Tax,2019,2,178200.57,177131.97,2019-02-28
VAT,2019,2,160048.72,169284.94,2019-02-28
Excise Duty,2019,2,164721.97,171463.58,2019-02-28
Customs & Border Control,2019,2,141763.74,177471.52,2019-02-28
Other Taxes,2019,2,158682.47,170942.93,2019-02-28
Income Tax,2019,3,164085.94,172871.33,2019-03-28
VAT,2019,3,143501.27,172223.66,2019-03-28
Excise Duty,2019,3,141026.63,175448.35,2019-03-28
Customs & Border Control,2019,3,145752.95,173212.29,2019-03-28
Other Taxes,2019,3,166897.39,178717.13,2019-03-28
Income Tax,2019,4,162619.43,169127.75,2019-04-28
VAT,2019,4,198789.08,176170.5,2019-04-28
Excise Duty,2019,4,170122.36,177634.66,2019-04-28
Customs & Border Control,2019,4,149414.87,170908.2,2019-04-28
Other Taxes,2019,4,197155.03,176328.93,2019-04-28
Income Tax,2019,5,139351.35,163272.06,2019-05-28
VAT,2019,5,130161.12,169586.65,2019-05-28
Excise Duty,2019,5,138310.59,172562.96,2019-05-28
Customs & Border Control,2019,5,148834.31,170071.07,2019-05-28
Other Taxes,2019,5,142809.19,165822.58,2019-05-28
Income Tax,2019,6,151690.47,155188.55,2019-06-28
VAT,2019,6,177727.88,163372.13,2019-06-28
Excise Duty,2019,6,161911.37,158104.3,2019-06-28
Customs & Border Control,2019,6,140560.4,156092.83,2019-06-28
Other Taxes,2019,6,136650.1,161065.58,2019-06-28
Income Tax,2019,7,156209.83,152710.39,2019-07-28
VAT,2019,7,114871.86,147663.11,2019-07-28
Excise Duty,2019,7,157212.27,153587.16,2019-07-28
Customs & Border Control,2019,7,127187.89,150595.4,2019-07-28
Other Taxes,2019,7,120781.33,148238.36,2019-07-28
Income Tax,2019,8,148609.1,144654.29,2019-08-28
VAT,2019,8,114321.18,143720.18,2019-08-28
Excise Duty,2019,8,122193.66,148932.55,2019-08-28
Customs & Border Control,2019,8,140997.33,141730.85,2019-08-28
Other Taxes,2019,8,113292.48,143878.08,2019-08-28
Income Tax,2019,9,109533.87,140142.04,2019-09-28
VAT,2019,9,112588.53,146467.42,2019-09-28
Excise Duty,2019,9,152084.9,146106.32,2019-09-28
Customs & Border Control,2019,9,132130.03,141701.94,2019-09-28
Other Taxes,2019,9,114495.97,139085.94,2019-09-28
Income Tax,2019,10,144086.63,140995.81,2019-10-28
VAT,2019,10,128858.24,148374.4,2019-10-28
Excise Duty,2019,10,160141.6,142366.28,2019-10-28
Customs & Border Control,2019,10,140723.86,149899.09,2019-10-28
Other Taxes,2019,10,139750.13,148982.46,2019-10-28
Income Tax,2019,11,119467.96,155628.83,2019-11-28
VAT,2019,11,158857.19,150485.43,2019-11-28
Excise Duty,2019,11,148076.69,149203.02,2019-11-28
Customs & Border Control,2019,11,154494.59,151719.67,2019-11-28
Other Taxes,2019,11,170321.82,156206.51,2019-11-28
Income Tax,2019,12,144132.46,164243.12,2019-12-28
VAT,2019,12,134148.42,159727.52,2019-12-28
Excise Duty,2019,12,175530.14,156490.48,2019-12-28
Customs & Border Control,2019,12,174016.17,156397.68,2019-12-28
Other Taxes,2019,12,172954.63,159633.99,2019-12-28
Income Tax,2020,1,152185.24,176382.51,2020-01-28
VAT,2020,1,155298.26,175321.53,2020-01-28
Excise Duty,2020,1,170546.43,180003.44,2020-01-28
Customs & Border Control,2020,1,182577.64,177741.34,2020-01-28
Other Taxes,2020,1,165433.65,176040.49,2020-01-28
Income Tax,2020,2,184551.59,181908.36,2020-02-28
VAT,2020,2,167510.92,190688.07,2020-02-28
Excise Duty,2020,2,185001.74,190398.35,2020-02-28
Customs & Border Control,2020,2,207159.18,184581.52,2020-02-28
Other Taxes,2020,2,211173.07,186753.22,2020-02-28
Income Tax,2020,3,166691.61,184996.47,2020-03-28
VAT,2020,3,188787.6,190633.28,2020-03-28
Excise Duty,2020,3,144695.83,187175.01,2020-03-28
Customs & Border Control,2020,3,193625.43,193982.95,2020-03-28
Other Taxes,2020,3,180120.78,193872.97,2020-03-28
Income Tax,2020,4,159711.06,188078.25,2020-04-28
VAT,2020,4,164657.74,184262.42,2020-04-28
Excise Duty,2020,4,163780.37,188415.58,2020-04-28
Customs & Border Control,2020,4,174687.35,180285.01,2020-04-28
Other Taxes,2020,4,164649.78,191396.26,2020-04-28
Income Tax,2020,5,157993.77,174265.29,2020-05-28
VAT,2020,5,161817.92,181693.39,2020-05-28
Excise Duty,2020,5,188401.56,183535.86,2020-05-28
Customs & Border Control,2020,5,152203.64,178663.65,2020-05-28
Other Taxes,2020,5,157509.04,183113.89,2020-05-28
Income Tax,2020,6,183937.01,171816.62,2020-06-28
VAT,2020,6,146355.03,169466.08,2020-06-28
Excise Duty,2020,6,186088.73,166932.98,2020-06-28
Customs & Border Control,2020,6,185641.16,170383.7,2020-06-28
Other Taxes,2020,6,157883.86,174435.81,2020-06-28
Income Tax,2020,7,169322.2,162722.35,2020-07-28
VAT,2020,7,150253.59,158253.09,2020-07-28
Excise Duty,2020,7,172955.16,166885.32,2020-07-28
Customs & Border Control,2020,7,155648.01,159229.84,2020-07-28
Other Taxes,2020,7,178395.71,166866.3,2020-07-28
Income Tax,2020,8,145659.39,157762.48,2020-08-28
VAT,2020,8,183059.21,160327.76,2020-08-28
Excise Duty,2020,8,121764.57,152883.32,2020-08-28
Customs & Border Control,2020,8,160213.99,159456.04,2020-08-28
Other Taxes,2020,8,132138.63,153320.67,2020-08-28
Income Tax,2020,9,157958.4,158327.24,2020-09-28
VAT,2020,9,156295.05,157049.86,2020-09-28
Excise Duty,2020,9,146954.15,153095.36,2020-09-28
Customs & Border Control,2020,9,161275.88,151077.14,2020-09-28
Other Taxes,2020,9,149794.81,149299.95,2020-09-28
Income Tax,2020,10,165518.93,154502.79,2020-10-28
VAT,2020,10,161668.03,154216.86,2020-10-28
Excise Duty,2020,10,152855.75,157659.21,2020-10-28
Customs & Border Control,2020,10,144970.86,152481.28,2020-10-28
Other Taxes,2020,10,135499.44,158650.61,2020-10-28
Income Tax,2020,11,127404.37,164589.76,2020-11-28
VAT,2020,11,154686.19,162431.03,2020-11-28
Excise Duty,2020,11,172435.12,158079.5,2020-11-28
Customs & Border Control,2020,11,130461.01,159372.36,2020-11-28
Other Taxes,2020,11,138006.93,166623.54,2020-11-28
Income Tax,2020,12,142643.02,173553.13,2020-12-28
VAT,2020,12,146138.08,173867.81,2020-12-28
Excise Duty,2020,12,179060.8,168337.03,2020-12-28
Customs & Border Control,2020,12,168301.11,175440.64,2020-12-28
Other Taxes,2020,12,136662.62,165934.42,2020-12-28
Income Tax,2021,1,192149.03,188120.96,2021-01-28
VAT,2021,1,188843.39,195633.08,2021-01-28
Excise Duty,2021,1,186560.72,186234.54,2021-01-28
Customs & Border Control,2021,1,158173.96,188374.26,2021-01-28
Other Taxes,2021,1,157383.19,194436.82,2021-01-28
Income Tax,2021,2,190833.83,203148.35,2021-02-28
VAT,2021,2,185868.93,200645.58,2021-02-28
Excise Duty,2021,2,214301.02,196884.96,2021-02-28
Customs & Border Control,2021,2,184991.53,204451.39,2021-02-28
Other Taxes,2021,2,223796.03,201264.4,2021-02-28
Income Tax,2021,3,183115.71,200266.07,2021-03-28
VAT,2021,3,188863.57,204988.61,2021-03-28
Excise Duty,2021,3,185643.96,205796.35,2021-03-28
Customs & Border Control,2021,3,165641.53,199712.05,2021-03-28
Other Taxes,2021,3,208678.69,206187.79,2021-03-28
Income Tax,2021,4,191324.42,194337.9,2021-04-28
VAT,2021,4,154007.53,196137.24,2021-04-28
Excise Duty,2021,4,220082.68,197926.37,2021-04-28
Customs & Border Control,2021,4,191015.49,200151.61,2021-04-28
Other Taxes,2021,4,211990.73,196742.89,2021-04-28
Income Tax,2021,5,155960.47,196777.23,2021-05-28
VAT,2021,5,189461.04,193889.57,2021-05-28
Excise Duty,2021,5,208935.72,187892.65,2021-05-28
Customs & Border Control,2021,5,183417.22,195733.74,2021-05-28
Other Taxes,2021,5,202007.46,189631.4,2021-05-28
Income Tax,2021,6,175060.16,176747.5,2021-06-28
VAT,2021,6,167645.94,184077.96,2021-06-28
Excise Duty,2021,6,159171.33,185205.3,2021-06-28
Customs & Border Control,2021,6,176330.04,182168.53,2021-06-28
Other Taxes,2021,6,204746.65,184612.1,2021-06-28
Income Tax,2021,7,191081.94,173803.4,2021-07-28
VAT,2021,7,145746.51,175273.24,2021-07-28
Excise Duty,2021,7,160762.53,168722.82,2021-07-28
Customs & Border Control,2021,7,159440.74,177034.75,2021-07-28
Other Taxes,2021,7,173491.57,175774.98,2021-07-28
Income Tax,2021,8,176139.1,166438.43,2021-08-28
VAT,2021,8,146563.37,168169.5,2021-08-28
Excise Duty,2021,8,168540.29,162615.28,2021-08-28
Customs & Border Control,2021,8,142045.37,165032.47,2021-08-28
Other Taxes,2021,8,153618.41,161776.18,2021-08-28
Income Tax,2021,9,137208.29,162077.48,2021-09-28
VAT,2021,9,179966.38,160161.7,2021-09-28
Excise Duty,2021,9,140446.87,159440.04,2021-09-28
Customs & Border Control,2021,9,127414.92,163694.27,2021-09-28
Other Taxes,2021,9,152934.85,168533.05,2021-09-28
Income Tax,2021,10,139582.03,165307.53,2021-10-28
VAT,2021,10,162999.76,166385.03,2021-10-28
Excise Duty,2021,10,178275.47,161127.64,2021-10-28
Customs & Border Control,2021,10,170869.87,170930.9,2021-10-28
Other Taxes,2021,10,181814.04,167294.0,2021-10-28
Income Tax,2021,11,179541.68,175440.33,2021-11-28
VAT,2021,11,181816.02,174586.55,2021-11-28
Excise Duty,2021,11,189912.74,173174.59,2021-11-28
Customs & Border Control,2021,11,144301.71,174471.55,2021-11-28
Other Taxes,2021,11,156073.9,169617.82,2021-11-28
Income Tax,2021,12,154464.45,179606.06,2021-12-28
VAT,2021,12,158210.84,176486.81,2021-12-28
Excise Duty,2021,12,202605.66,187751.97,2021-12-28
Customs & Border Control,2021,12,135740.39,177490.34,2021-12-28
Other Taxes,2021,12,161526.96,182267.27,2021-12-28
Income Tax,2022,1,177328.16,208910.77,2022-01-28
VAT,2022,1,176643.22,207459.42,2022-01-28
Excise Duty,2022,1,219839.49,208293.41,2022-01-28
Customs & Border Control,2022,1,189768.0,201524.49,2022-01-28
Other Taxes,2022,1,226992.74,199934.4,2022-01-28
Income Tax,2022,2,223786.82,209041.79,2022-02-28
VAT,2022,2,169765.54,216428.28,2022-02-28
Excise Duty,2022,2,217143.81,209011.79,2022-02-28
Customs & Border Control,2022,2,193419.18,213426.79,2022-02-28
Other Taxes,2022,2,165207.17,206974.63,2022-02-28
Income Tax,2022,3,199919.77,213803.85,2022-03-28
VAT,2022,3,194318.79,218719.98,2022-03-28
Excise Duty,2022,3,185976.42,217768.94,2022-03-28
Customs & Border Control,2022,3,202487.54,218315.83,2022-03-28
Other Taxes,2022,3,202730.4,212381.82,2022-03-28
Income Tax,2022,4,189261.06,205516.2,2022-04-28
VAT,2022,4,218927.86,208784.63,2022-04-28
Excise Duty,2022,4,185724.43,213894.38,2022-04-28
Customs & Border Control,2022,4,207702.51,214162.7,2022-04-28
Other Taxes,2022,4,219302.08,213851.62,2022-04-28
Income Tax,2022,5,167826.26,207203.6,2022-05-28
VAT,2022,5,193979.6,202393.3,2022-05-28
Excise Duty,2022,5,208566.08,205839.11,2022-05-28
Customs & Border Control,2022,5,224232.05,200795.74,2022-05-28
Other Taxes,2022,5,205195.91,200056.97,2022-05-28
Income Tax,2022,6,165184.95,197933.35,2022-06-28
VAT,2022,6,194541.67,191009.24,2022-06-28
Excise Duty,2022,6,194624.67,192587.75,2022-06-28
Customs & Border Control,2022,6,164394.72,189888.43,2022-06-28
Other Taxes,2022,6,156224.76,187770.38,2022-06-28
Income Tax,2022,7,195936.54,182194.76,2022-07-28
VAT,2022,7,174316.34,181392.31,2022-07-28
Excise Duty,2022,7,210639.02,188305.79,2022-07-28
Customs & Border Control,2022,7,164931.06,182876.99,2022-07-28
Other Taxes,2022,7,160665.19,181449.52,2022-07-28
Income Tax,2022,8,178531.1,177685.26,2022-08-28
VAT,2022,8,139819.16,172966.17,2022-08-28
Excise Duty,2022,8,133506.29,171252.27,2022-08-28
Customs & Border Control,2022,8,185305.7,173704.4,2022-08-28
Other Taxes,2022,8,171093.27,171834.71,2022-08-28
Income Tax,2022,9,150555.34,171270.23,2022-09-28
VAT,2022,9,155461.01,176359.4,2022-09-28
Excise Duty,2022,9,176614.17,168834.08,2022-09-28
Customs & Border Control,2022,9,150928.17,170848.66,2022-09-28
Other Taxes,2022,9,169120.47,174606.63,2022-09-28
Income Tax,2022,10,179300.79,179079.8,2022-10-28
VAT,2022,10,177132.84,172930.15,2022-10-28
Excise Duty,2022,10,147539.91,172140.35,2022-10-28
Customs & Border Control,2022,10,159215.14,182208.88,2022-10-28
Other Taxes,2022,10,161989.4,172020.18,2022-10-28
Income Tax,2022,11,203461.9,184527.94,2022-11-28
VAT,2022,11,150956.54,180570.93,2022-11-28
Excise Duty,2022,11,145629.63,182238.6,2022-11-28
Customs & Border Control,2022,11,211995.35,185644.88,2022-11-28
Other Taxes,2022,11,197191.53,180822.04,2022-11-28
Income Tax,2022,12,182303.7,198700.3,2022-12-28
VAT,2022,12,159527.1,195020.27,2022-12-28
Excise Duty,2022,12,188987.33,194890.67,2022-12-28
Customs & Border Control,2022,12,175865.27,197456.22,2022-12-28
Other Taxes,2022,12,177309.57,195606.16,2022-12-28
Income Tax,2023,1,169882.51,221767.68,2023-01-28
VAT,2023,1,232835.88,214768.67,2023-01-28
Excise Duty,2023,1,214892.98,210362.29,2023-01-28
Customs & Border Control,2023,1,187643.52,212278.55,2023-01-28
Other Taxes,2023,1,182777.15,213641.75,2023-01-28
Income Tax,2023,2,212515.62,217920.39,2023-02-28
VAT,2023,2,206946.22,220398.26,2023-02-28
Excise Duty,2023,2,210252.65,227051.6,2023-02-28
Customs & Border Control,2023,2,239689.58,216793.72,2023-02-28
Other Taxes,2023,2,212989.28,223255.1,2023-02-28
Income Tax,2023,3,229433.17,221909.32,2023-03-28
VAT,2023,3,196383.59,226900.07,2023-03-28
Excise Duty,2023,3,180189.82,226190.98,2023-03-28
Customs & Border Control,2023,3,186652.43,229721.14,2023-03-28
Other Taxes,2023,3,185893.82,232649.16,2023-03-28
Income Tax,2023,4,236003.88,224713.79,2023-04-28
VAT,2023,4,249170.9,226889.25,2023-04-28
Excise Duty,2023,4,220477.6,221611.41,2023-04-28
Customs & Border Control,2023,4,214013.74,229908.26,2023-04-28
Other Taxes,2023,4,179757.19,228632.15,2023-04-28
Income Tax,2023,5,189554.08,221470.5,2023-05-28
VAT,2023,5,225611.82,210593.29,2023-05-28
Excise Duty,2023,5,229765.43,213937.71,2023-05-28
Customs & Border Control,2023,5,196009.04,221804.58,2023-05-28
Other Taxes,2023,5,190537.53,209552.84,2023-05-28
Income Tax,2023,6,158147.58,201302.67,2023-06-28
VAT,2023,6,161876.34,199928.64,2023-06-28
Excise Duty,2023,6,234297.54,210476.19,2023-06-28
Customs & Border Control,2023,6,167945.79,210256.52,2023-06-28
Other Taxes,2023,6,202150.59,206831.32,2023-06-28
Income Tax,2023,7,198533.15,189552.23,2023-07-28
VAT,2023,7,202858.2,196256.5,2023-07-28
Excise Duty,2023,7,220751.09,198610.32,2023-07-28
Customs & Border Control,2023,7,145783.73,189531.14,2023-07-28
Other Taxes,2023,7,215871.27,189798.72,2023-07-28
Income Tax,2023,8,193770.01,183534.98,2023-08-28
VAT,2023,8,157055.87,183465.66,2023-08-28
Excise Duty,2023,8,170103.97,186573.62,2023-08-28
Customs & Border Control,2023,8,202485.19,190811.97,2023-08-28
Other Taxes,2023,8,182112.07,192055.86,2023-08-28
Income Tax,2023,9,157426.33,180425.16,2023-09-28
VAT,2023,9,186596.15,188520.71,2023-09-28
Excise Duty,2023,9,189793.11,183545.46,2023-09-28
Customs & Border Control,2023,9,144266.33,179001.29,2023-09-28
Other Taxes,2023,9,174855.49,179629.5,2023-09-28
Income Tax,2023,10,148446.68,184109.02,2023-10-28
VAT,2023,10,146110.41,185344.11,2023-10-28
Excise Duty,2023,10,141214.74,183199.57,2023-10-28
Customs & Border Control,2023,10,191431.22,185131.98,2023-10-28
Other Taxes,2023,10,164175.17,184646.13,2023-10-28
Income Tax,2023,11,184852.58,189699.57,2023-11-28
VAT,2023,11,192386.61,195377.2,2023-11-28
Excise Duty,2023,11,188990.52,192321.75,2023-11-28
Customs & Border Control,2023,11,199008.9,191586.37,2023-11-28
Other Taxes,2023,11,165195.91,188741.12,2023-11-28
Income Tax,2023,12,163698.82,203331.66,2023-12-28
VAT,2023,12,224652.88,206890.47,2023-12-28
Excise Duty,2023,12,168428.39,200155.76,2023-12-28
Customs & Border Control,2023,12,153248.7,200116.1,2023-12-28
Other Taxes,2023,12,176485.89,205236.05,2023-12-28
Income Tax,2024,1,196579.12,228513.31,2024-01-28
VAT,2024,1,240929.56,220034.11,2024-01-28
Excise Duty,2024,1,200042.97,234249.97,2024-01-28
Customs & Border Control,2024,1,202549.96,220447.26,2024-01-28
Other Taxes,2024,1,174485.62,220208.02,2024-01-28
Income Tax,2024,2,219309.42,231205.17,2024-02-28
VAT,2024,2,254319.42,229580.06,2024-02-28
Excise Duty,2024,2,259837.79,234310.06,2024-02-28
Customs & Border Control,2024,2,177494.32,229389.72,2024-02-28
Other Taxes,2024,2,238152.42,234298.18,2024-02-28
Income Tax,2024,3,193644.1,231078.0,2024-03-28
VAT,2024,3,242077.27,230696.73,2024-03-28
Excise Duty,2024,3,233013.35,235639.19,2024-03-28
Customs & Border Control,2024,3,247802.42,233301.09,2024-03-28
Other Taxes,2024,3,270248.43,242259.26,2024-03-28
Income Tax,2024,4,219080.33,231850.0,2024-04-28
VAT,2024,4,200914.46,234736.39,2024-04-28
Excise Duty,2024,4,257806.41,229357.18,2024-04-28
Customs & Border Control,2024,4,229328.58,234925.03,2024-04-28
Other Taxes,2024,4,205850.57,230343.72,2024-04-28
Income Tax,2024,5,171731.85,223552.19,2024-05-28
VAT,2024,5,232681.68,230167.36,2024-05-28
Excise Duty,2024,5,248693.3,223020.06,2024-05-28
Customs & Border Control,2024,5,224438.54,232424.28,2024-05-28
Other Taxes,2024,5,242892.24,229201.02,2024-05-28
Income Tax,2024,6,211843.46,219484.39,2024-06-28
VAT,2024,6,208565.7,216317.25,2024-06-28
Excise Duty,2024,6,229520.19,211803.45,2024-06-28
Customs & Border Control,2024,6,227884.96,211546.97,2024-06-28
Other Taxes,2024,6,191438.52,220654.41,2024-06-28
Income Tax,2024,7,190117.02,200432.02,2024-07-28
VAT,2024,7,165478.82,202727.59,2024-07-28
Excise Duty,2024,7,191791.8,210676.0,2024-07-28
Customs & Border Control,2024,7,236643.36,208163.74,2024-07-28
Other Taxes,2024,7,168244.93,202303.14,2024-07-28
Income Tax,2024,8,178445.3,198112.44,2024-08-28
VAT,2024,8,217754.63,193800.93,2024-08-28
Excise Duty,2024,8,187733.08,200994.98,2024-08-28
Customs & Border Control,2024,8,196518.6,196252.44,2024-08-28
Other Taxes,2024,8,226611.82,202118.46,2024-08-28
Income Tax,2024,9,208619.52,190213.27,2024-09-28
VAT,2024,9,150354.71,189186.33,2024-09-28
Excise Duty,2024,9,213833.18,192828.51,2024-09-28
Customs & Border Control,2024,9,197627.79,197181.27,2024-09-28
Other Taxes,2024,9,202442.36,193154.22,2024-09-28
Income Tax,2024,10,168351.88,202529.78,2024-10-28
VAT,2024,10,152954.27,191633.92,2024-10-28
Excise Duty,2024,10,187730.14,198957.22,2024-10-28
Customs & Border Control,2024,10,217008.06,196824.34,2024-10-28
Other Taxes,2024,10,215061.54,197303.23,2024-10-28
Income Tax,2024,11,228366.33,205206.44,2024-11-28
VAT,2024,11,223364.41,210671.61,2024-11-28
Excise Duty,2024,11,200543.07,199150.28,2024-11-28
Customs & Border Control,2024,11,161638.27,202218.05,2024-11-28
Other Taxes,2024,11,189945.17,212205.8,2024-11-28
Income Tax,2024,12,236571.01,221034.13,2024-12-28
VAT,2024,12,205485.52,210937.11,2024-12-28
Excise Duty,2024,12,239523.51,211672.11,2024-12-28
Customs & Border Control,2024,12,198489.96,221580.66,2024-12-28
Other Taxes,2024,12,230219.78,214778.55,2024-12-28
Income Tax,2025,1,240429.25,245363.64,2025-01-28
VAT,2025,1,239080.81,242259.2,2025-01-28
Excise Duty,2025,1,269248.16,238623.27,2025-01-28
Customs & Border Control,2025,1,199059.53,241791.76,2025-01-28
Other Taxes,2025,1,214136.96,243990.24,2025-01-28
Income Tax,2025,2,275869.14,251440.84,2025-02-28
VAT,2025,2,213768.1,254817.54,2025-02-28
Excise Duty,2025,2,251718.22,250883.07,2025-02-28
Customs & Border Control,2025,2,211133.63,247381.5,2025-02-28
Other Taxes,2025,2,257535.84,250995.52,2025-02-28
Income Tax,2025,3,265039.06,249394.08,2025-03-28
VAT,2025,3,199235.77,243181.74,2025-03-28
Excise Duty,2025,3,236928.15,256318.28,2025-03-28
Customs & Border Control,2025,3,262877.89,258240.38,2025-03-28
Other Taxes,2025,3,235600.38,254636.71,2025-03-28
Income Tax,2025,4,269938.25,251788.59,2025-04-28
VAT,2025,4,222626.0,249010.79,2025-04-28
Excise Duty,2025,4,206653.8,251045.95,2025-04-28
Customs & Border Control,2025,4,242587.02,255427.93,2025-04-28
Other Taxes,2025,4,202752.11,242721.96,2025-04-28
Income Tax,2025,5,190115.85,232603.7,2025-05-28
VAT,2025,5,252730.04,240056.38,2025-05-28
Excise Duty,2025,5,258824.72,245238.72,2025-05-28
Customs & Border Control,2025,5,200617.56,242819.48,2025-05-28
Other Taxes,2025,5,265489.57,245806.07,2025-05-28
Income Tax,2025,6,248585.88,229872.21,2025-06-28
VAT,2025,6,179632.58,220767.63,2025-06-28
Excise Duty,2025,6,215701.07,233484.35,2025-06-28
Customs & Border Control,2025,6,211454.34,221404.61,2025-06-28
Other Taxes,2025,6,198420.23,227685.26,2025-06-28
Income Tax,2025,7,187078.61,221849.13,2025-07-28
VAT,2025,7,192318.04,220019.92,2025-07-28
Excise Duty,2025,7,161508.96,210543.47,2025-07-28
Customs & Border Control,2025,7,216866.54,222724.72,2025-07-28
Other Taxes,2025,7,245517.93,215073.21,2025-07-28
Income Tax,2025,8,189954.2,202245.52,2025-08-28
VAT,2025,8,187535.91,210538.07,2025-08-28
Excise Duty,2025,8,191780.82,214578.82,2025-08-28
Customs & Border Control,2025,8,217977.31,206673.03,2025-08-28
Other Taxes,2025,8,220944.49,209067.4,2025-08-28
Income Tax,2025,9,216945.58,200465.9,2025-09-28
VAT,2025,9,164879.87,210722.14,2025-09-28
Excise Duty,2025,9,230454.93,208990.16,2025-09-28
Customs & Border Control,2025,9,162324.58,205650.76,2025-09-28
Other Taxes,2025,9,190023.04,205506.39,2025-09-28
Income Tax,2025,10,175455.94,204421.79,2025-10-28
VAT,2025,10,240035.82,212821.47,2025-10-28
Excise Duty,2025,10,175259.16,207438.55,2025-10-28
Customs & Border Control,2025,10,186484.83,205499.79,2025-10-28
Other Taxes,2025,10,216364.02,207617.58,2025-10-28
Income Tax,2025,11,190298.92,213995.04,2025-11-28
VAT,2025,11,202083.87,210819.34,2025-11-28
Excise Duty,2025,11,194979.04,220522.45,2025-11-28
Customs & Border Control,2025,11,166506.64,214954.14,2025-11-28
Other Taxes,2025,11,180526.53,217127.31,2025-11-28
Income Tax,2025,12,186677.88,225708.3,2025-12-28
VAT,2025,12,254502.55,225770.44,2025-12-28
Excise Duty,2025,12,232257.57,233218.79,2025-12-28
Customs & Border Control,2025,12,220285.18,227499.52,2025-12-28
Other Taxes,2025,12,185402.55,222856.57,2025-12-28
